comparable_rental_2_address	comparable_rental_1_neighborhood	bronx_condominium_property_boro_block_lot	comparable_rental_2_gross_sqft	bronx_condominium_property_neighborhood	comparable_rental_2_building_classification	bronx_condominium_property_year_built	bronx_condominium_property_gross_income_per_sqft	bronx_condominium_property_full_market_value	comparable_rental_2_gross_income_per_sqft	comparable_rental_1_full_market_value	comparable_rental_2_boro_block_lot	comparable_rental_1_dist_from_coop_in_miles	comparable_rental_1_gross_income_per_sqft	bronx_condominium_property_condo_section	comparable_rental_1_building_classification	bronx_condominium_property_est_gross_income	bronx_condominium_property_gross_sqft	comparable_rental_1_address	comparable_rental_2_neighborhood	bronx_condominium_property_market_value_per_sqft	comparable_rental_2_dist_from_coop_in_miles	bronx_condominium_property_building_classification	comparable_rental_2_est_gross_income	comparable_rental_1_total_units	comparable_rental_1_market_value_per_sqft	comparable_rental_2_total_units	comparable_rental_2_full_market_value	comparable_rental_2_year_built	bronx_condominium_property_total_units	comparable_rental_1_est_gross_income	_comparable_rental_1_boro_block_lot	comparable_rental_1_gross_sqft	bronx_condominium_property_address	comparable_rental_2_market_value_per_sqft	comparable_rental_1_year_built
354 CYPRESS AVENUE	CROTONA PARK	2-02315-7501	69450	MOTT HAVEN/PORT MORRIS	D1-ELEVATOR	1904	34	3339998	15.61	384000	2-02571-0014	2.2	10.19	93-R1	D1-ELEVATOR	717128	21092	1436 CROTONA PARK EAST	MOTT HAVEN/PORT MORRIS	158	0.7	R2-WALK-UP	1084400	11	24.25	87	3670000	1906	11	161412	2-02938-0016	15835	305 EAST 140 STREET	53	1906
198 BROWN PLACE	MOTT HAVEN/PORT MORRIS	2-02364-7501	15985	MORRISANIA/LONGWOOD	D5-ELEVATOR	2006	21.75	6489993	21.87	1320000	2-02264-0005	1	21.7	99-R1	D7-ELEVATOR	1566000	72000	197 BROOK AVENUE	MOTT HAVEN/PORT MORRIS	90	1	R4-ELEVATOR	349531	17	90	22	1450000	1900	61	319415	2-02264-0014	14720	3044 3 AVENUE	91	1909
198 BROWN PLACE	MOTT HAVEN/PORT MORRIS	2-02368-7501	15985	MORRISANIA/LONGWOOD	D5-ELEVATOR	2003	21.75	5250000	21.87	1320000	2-02264-0005	1.4	21.7	97-R1	D7-ELEVATOR	1266981	58252	197 BROOK AVENUE	MOTT HAVEN/PORT MORRIS	90	1.4	R4-ELEVATOR	349531	17	90	22	1450000	1900	100	319415	2-02264-0014	14720	488 EAST 164 STREET	91	1909
529 EAST 138 STREET	MOTT HAVEN/PORT MORRIS	2-02369-7501	9190	MORRISANIA/LONGWOOD	C7-WALK-UP	2007	20.35	3200000	23.29	874000	2-02266-0037	1.35	22.95	112-R1	C7-WALK-UP	935780	45973	525 EAST 138 STREET	MOTT HAVEN/PORT MORRIS	70	1.35	R9-CONDOPS	214034	14	95	14	887000	1915	60	210944	2-02266-0040	9190	3305 3 AVENUE	97	1915
4278 3 AVENUE	MORRISANIA/LONGWOOD	2-02369-7502	92291	MORRISANIA/LONGWOOD	D1-ELEVATOR	2007	21.75	14023489	23.03	2230000	2-03061-0005	0.6	12.33	122-R1	D1-ELEVATOR	3265132	150121	1157 INTERVALE AVENUE	EAST TREMONT	93	1.7	R4-ELEVATOR	2125461	66	34.7	97	8800000	2007	128	792000	2-02692-0048	64245	500 EAST 165 STREET	95	2007
198 BROWN PLACE	MOTT HAVEN/PORT MORRIS	2-02381-7501	15985	MORRISANIA/LONGWOOD	D5-ELEVATOR	2008	20.25	9739988	21.87	1410000	2-02264-0005	1.15	19.96	115-R1	D5-ELEVATOR	2605020	128643	202 BROWN PLACE	MOTT HAVEN/PORT MORRIS	76	1.15	R4-ELEVATOR	349531	26	75	22	1450000	1900	90	376040	2-02264-0007	18837	837 WASHINGTON AVENUE	91	1900
3097 3 AVENUE	HIGHBRIDGE/MORRIS HEIGHTS	2-02382-7501	76000	MORRISANIA/LONGWOOD	D1-ELEVATOR	2005	24.42	11200000	10.07	1580000	2-02379-0051	1.3	10	94-R1	D1-ELEVATOR	2715620	111182	1285 MERRIAM AVENUE	MORRISANIA/LONGWOOD	101	0.15	R9-CONDOPS	765315	85	21.22	85	1620000	2005	110	744533	2-02529-0025	74448	871 ELTON AVENUE	21.32	2005
2996 CONCOURSE VILLAGE EA	HIGHBRIDGE/MORRIS HEIGHTS	2-02382-7502	97761	MORRISANIA/LONGWOOD	D1-ELEVATOR	2006	24.42	10100000	12.16	2360000	2-02442-0060	1.3	22.57	108-R1	D1-ELEVATOR	2442793	100012	1401 JESUP AVENUE	MELROSE/CONCOURSE	101	0.5	R9-CONDOPS	1188464	81	94	72	3340000	2006	88	568669	2-02872-0036	25200	406 EAST 161 STREET	34.2	2006
1285 MERRIAM AVENUE	MORRISANIA/LONGWOOD	2-02516-7501	74448	HIGHBRIDGE/MORRIS HEIGHTS	D1-ELEVATOR	2005	22.66	2280008	10	1620000	2-02529-0025	1.3	10.07	73-R1	D1-ELEVATOR	549776	24262	3097 3 AVENUE	HIGHBRIDGE/MORRIS HEIGHTS	94	0.15	R4-ELEVATOR	744533	85	21.32	85	1580000	2005	28	765315	2-02379-0051	76000	1209 NELSON AVENUE	21.22	2005
1050 LOWELL STREET	MORRISANIA/LONGWOOD	2-02686-7501	10950	MORRISANIA/LONGWOOD	C4-WALK-UP	1909	14.63	711004	15.96	355000	2-02757-0042	0.35	16.16	53-R1	C4-WALK-UP	210366	14384	753 JACKSON AVENUE	MORRISANIA/LONGWOOD	49.4	1	R2-WALK-UP	174807	11	55	11	591000	1911	13	105060	2-02636-0037	6500	717 KELLY STREET	54	1906
355 EAST 184 STREET	MELROSE/CONCOURSE	2-02703-7501	120000	MORRISANIA/LONGWOOD	D7-ELEVATOR	2006	12.62	5478300	12.62	2920000	2-03024-0008	1.4	9.97	74-R1	D7-ELEVATOR	1425239	112935	185 MC CLELLAN STREET	FORDHAM	48.5	2.5	R4-ELEVATOR	1514491	117	23.74	112	3210000	1972	111	1226378	2-02456-0181	123000	950 WESTCHESTER AVENUE	26.8	1936
3097 3 AVENUE	HIGHBRIDGE/MORRIS HEIGHTS	2-02742-7501	76000	MORRISANIA/LONGWOOD	D1-ELEVATOR	2005	24.42	28300000	10.07	1580000	2-02379-0051	2.2	10	72-R1	D1-ELEVATOR	6836655	279904	1285 MERRIAM AVENUE	MORRISANIA/LONGWOOD	101	1.15	R9-CONDOPS	765315	85	21.22	85	1620000	2005	300	744533	2-02529-0025	74448	951 HOE AVENUE	21.32	2005
381 EAST 151 STREET	MELROSE/CONCOURSE	2-02748-7501	19850	MORRISANIA/LONGWOOD	C1-WALK-UP	1930	17.36	6070005	16.2	812000	2-02398-0034	1.45	18.52	46-R1	C1-WALK-UP	1624896	93600	300 EAST 159 STREET	MELROSE/CONCOURSE	65	1.5	R2-WALK-UP	321471	21	69	30	1090000	1911	78	217195	2-02418-0008	11725	1010 FAILE STREET	55	1931
800 EAST 223 STREET	BEDFORD PARK/NORWOOD	2-02931-7501	18850	MORRISANIA/LONGWOOD	C1-WALK-UP	2007	14.58	902000	15.39	476000	2-04847-0039	3.4	12.16	96-R1	C1-WALK-UP	266800	18300	315 EAST 209 STREET	WILLIAMSBRIDGE	49.3	4.25	R2-WALK-UP	290110	23	25.8	23	815000	1927	16	224308	2-03348-0081	18450	1349 FRANKLIN AVENUE	43.2	1926
954 PROSPECT AVENUE	MORRISANIA/LONGWOOD	2-02980-7501	12495	MORRISANIA/LONGWOOD	C4-WALK-UP	2005	13.53	530000	10.62	262000	2-02690-0105	0.35	10.9	87-R1	C7-WALK-UP	146340	10816	801 FREEMAN STREET	MORRISANIA/LONGWOOD	49	0.75	R2-WALK-UP	132743	12	23.11	12	344000	1904	12	123577	2-02968-0028	11335	1308 SOUTHERN BOULEVARD	27.5	1931
3615 OXFORD AVENUE	BELMONT	2-03083-7501	7550	EAST TREMONT	C1-WALK-UP	2006	19	912000	20.73	851000	2-05798-0101	0.45	16.83	90-R1	C1-WALK-UP	269800	14200	2463 HUGHES AVENUE	RIVERDALE	64	2.8	R2-WALK-UP	156480	16	63	15	585000	1980	16	227559	2-03077-0050	13520	2135 CROTONA AVENUE	77	2004
1124 STRATFORD AVENUE	BELMONT	2-03103-7501	27600	BELMONT	C1-WALK-UP	2007	0	2550000	11.13	851000	2-03744-0053	0.25	16.83	110-R1	C1-WALK-UP	0	48750	2463 HUGHES AVENUE	SOUNDVIEW	52	1.8	R2-WALK-UP	307180	16	63	39	796000	1928	40	227559	2-03077-0050	13520	2324 BEAUMONT AVENUE	28.8	2004
3205 OXFORD AVENUE	BELMONT	2-03125-7501	6260	EAST TREMONT	C1-WALK-UP	2007	18	987000	18.57	360000	2-05786-0240	0.8	10.44	104-R1	C1-WALK-UP	263952	14664	2490 BELMONT AVENUE	RIVERDALE	67	3.05	R4-ELEVATOR	116238	14	27.1	12	435000	1985	12	138798	2-03091-0005	13295	2155 DALY AVENUE	69	2006
784 FOX STREET	MORRISANIA/LONGWOOD	2-03249-7501	37000	KINGSBRIDGE/JEROME PARK	D1-ELEVATOR	2006	14.6	2369994	13.84	1390000	2-02720-0063	3.9	13.52	100-R1	D1-ELEVATOR	701135	48023	712 FOX STREET	MORRISANIA/LONGWOOD	49.4	3.85	R2-WALK-UP	511907	48	28.7	40	1090000	1924	40	654989	2-02720-0005	48450	2792 SEDGWICK AVENUE	29.5	1910
2422 UNIVERSITY AVENUE	HIGHBRIDGE/MORRIS HEIGHTS	2-03256-7501	15515	KINGSBRIDGE/JEROME PARK	C1-WALK-UP	2008	13.53	968000	10.2	680000	2-03213-0009	1.4	12.77	117-R1	C1-WALK-UP	265228	19603	1970 DR M L KING JR BOULE	KINGSBRIDGE HTS/UNIV HTS	49.4	0.6	R2-WALK-UP	158237	11	39.8	12	336000	1912	12	218341	2-02868-0123	17100	189A WEST KINGSBRIDGE ROA	21.66	1914
800 EAST 223 STREET	BEDFORD PARK/NORWOOD	2-03261-7501	18850	KINGSBRIDGE/JEROME PARK	C1-WALK-UP	2006	14.07	1120000	15.39	476000	2-04847-0039	1.35	12.16	81-R1	C1-WALK-UP	307584	21861	315 EAST 209 STREET	WILLIAMSBRIDGE	51	2.25	R2-WALK-UP	290110	23	25.8	23	815000	1927	16	224308	2-03348-0081	18450	3097 HEATH AVENUE	43.2	1926
2976 MARION AVENUE	BEDFORD PARK/NORWOOD	2-03311-7501	67930	BEDFORD PARK/NORWOOD	D1-ELEVATOR	1968	12.06	2710000	11.06	3650000	2-03285-0019	0.15	12.23	34-R1	D7-ELEVATOR	963835	79920	3010 GRAND CONCOURSE	BEDFORD PARK/NORWOOD	33.9	0.4	R9-CONDOPS	750992	96	34.4	62	1950000	1950	110	1298040	2-03307-0072	106146	3130 GRAND CONCOURSE	28.7	1963
2755 MORRIS AVENUE	BEDFORD PARK/NORWOOD	2-03318-7501	22080	BEDFORD PARK/NORWOOD	D1-ELEVATOR	1993	13.42	695004	13.72	1400000	2-03318-0001	0.3	13.12	48-R1	D1-ELEVATOR	223281	16638	2875 BAINBRIDGE AVENUE	BEDFORD PARK/NORWOOD	41.8	0.05	R2-WALK-UP	303003	38	40.8	30	785000	1931	18	450528	2-03296-0047	34333	2805A CRESTON AVENUE	35.6	1965
549 COMMONWEALTH AVENUE	SOUNDVIEW	2-03432-7501	49458	SOUNDVIEW	D7-ELEVATOR	1989	14	2069996	14.68	2870000	2-03519-0034	0.85	15.56	33-R1	D1-ELEVATOR	663264	47376	501 COMMONWEALTH AVENUE	SOUNDVIEW	43.7	0.85	R2-WALK-UP	726159	58	61	59	2650000	1932	40	726159	2-03519-0001	46680	228 NEPTUNE COURT	54	1932
2131 VYSE AVENUE	EAST TREMONT	2-03432-7501	26700	SOUNDVIEW	D1-ELEVATOR	1989	12.3	552000	11.27	999000	2-03129-0029	3.25	14.75	33-R3	D5-ELEVATOR	196455	15972	1898 BELMONT AVENUE	EAST TREMONT	34.6	2.95	R2-WALK-UP	300819	20	49.9	20	638000	1931	14	295326	2-02946-0016	20025	124 NEPTUNE LANE	23.9	1911
2131 VYSE AVENUE	EAST TREMONT	2-03432-7501	26700	SOUNDVIEW	D1-ELEVATOR	1989	12.75	881002	11.27	999000	2-03129-0029	3.25	14.75	33-R4	D5-ELEVATOR	283037	22199	1898 BELMONT AVENUE	EAST TREMONT	39.7	2.95	R2-WALK-UP	300819	20	49.9	20	638000	1931	18	295326	2-02946-0016	20025	232 FLEET COURT	23.9	1911
2131 VYSE AVENUE	EAST TREMONT	2-03432-7501	26700	SOUNDVIEW	D1-ELEVATOR	1989	13	822004	11.27	999000	2-03129-0029	3.25	14.75	33-R5	D5-ELEVATOR	263952	20304	1898 BELMONT AVENUE	EAST TREMONT	40.5	2.95	R2-WALK-UP	300819	20	49.9	20	638000	1931	18	295326	2-02946-0016	20025	201 SUNSET BOULEVARD	23.9	1911
876 EAST 180 STREET	HIGHBRIDGE/MORRIS HEIGHTS	2-03432-7501	21582	SOUNDVIEW	D1-ELEVATOR	1989	13.5	1450000	15.52	863000	2-03123-0053	4.25	10.76	33-R6	D5-ELEVATOR	465966	34516	1604 JESUP AVENUE	EAST TREMONT	42	3	R2-WALK-UP	334900	29	22.81	25	1130000	1910	28	406896	2-02872-0252	37830	301 ADMIRAL LANE	52	1921
2022 BENEDICT AVENUE	PARKCHESTER	2-03929-7501	103284	PARKCHESTER	D1-ELEVATOR	1933	10.94	3110006	9.9	3640000	2-03932-0050	0.45	10.75	23-R1	D1-ELEVATOR	1200818	109764	1565 THIERIOT AVENUE	PARKCHESTER	28.3	0.25	R4-ELEVATOR	1022543	120	27.9	92	2170000	1928	128	1402943	2-03925-0018	130500	99 METROPOLITAN OVAL	21.01	1930
2100 BRONX PARK EAST	PARKCHESTER	2-03929-7501	168990	PARKCHESTER	D1-ELEVATOR	1933	10.94	53000194	10.94	3640000	2-04286-0022	0.25	10.75	23-R2	D1-ELEVATOR	20429060	1867373	1565 THIERIOT AVENUE	PELHAM PARKWAY SOUTH	28.4	1.2	R4-ELEVATOR	1849100	120	27.9	157	4790000	1929	2121	1402943	2-03925-0018	130500	1469 WEST AVENUE	28.3	1930
2100 BRONX PARK EAST	PARKCHESTER	2-03929-7501	168990	PARKCHESTER	D1-ELEVATOR	1933	10.94	77200099	10.94	3640000	2-04286-0022	0.5	10.75	23-R3	D1-ELEVATOR	29798601	2723821	1565 THIERIOT AVENUE	PELHAM PARKWAY SOUTH	28.3	1.3	R4-ELEVATOR	1849100	120	27.9	157	4790000	1929	2659	1402943	2-03925-0018	130500	1925 MC GRAW AVENUE	28.3	1930
2100 BRONX PARK EAST	PARKCHESTER	2-03929-7501	168990	PARKCHESTER	D1-ELEVATOR	1933	10.94	95399756	10.94	3640000	2-04286-0022	0.4	10.75	23-R4	D1-ELEVATOR	36812848	3364977	1565 THIERIOT AVENUE	PELHAM PARKWAY SOUTH	28.4	1	R4-ELEVATOR	1849100	120	27.9	157	4790000	1929	3378	1402943	2-03925-0018	130500	14 METROPOLITAN OVAL	28.3	1930
2022 BENEDICT AVENUE	PARKCHESTER	2-03944-7501	103284	PARKCHESTER	D1-ELEVATOR	1955	10.75	105999815	9.9	3640000	2-03932-0050	0.4	10.75	2-R1	D1-ELEVATOR	40866017	3801490	1565 THIERIOT AVENUE	PARKCHESTER	27.9	0.45	R4-ELEVATOR	1022543	120	27.9	92	2170000	1928	3857	1402943	2-03925-0018	130500	9 METROPOLITAN OVAL	21.01	1930
""	PARKCHESTER	2-03944-7501		PARKCHESTER		1955	10.91	3100006		7510000		0.9	10.91	2-R2	D1-ELEVATOR	1197525	109764	1500 NOBLE AVENUE		28.2		R4-ELEVATOR		238	28.3				128	2898181	2-03895-0001	265625	1722 PURDY STREET		1965
2255 BARKER AVENUE	SCHUYLERVILLE/PELHAM BAY	2-04163-7501	31320	SCHUYLERVILLE/PELHAM BAY	D1-ELEVATOR	1965	15.05	1389999	11.99	1580000	2-04340-0086	0.6	15.05	12-R1	D1-ELEVATOR	411105	27316	2023 BURR AVENUE	BRONXDALE	51	2.15	R4-ELEVATOR	375680	37	51	42	1060000	1964	35	468559	2-04249-0042	31125	1725 EDISON AVENUE	33.8	1963
1610 MAHAN AVENUE	SCHUYLERVILLE/PELHAM BAY	2-04174-7501	51000	SCHUYLERVILLE/PELHAM BAY	D7-ELEVATOR	2003	16.89	1049997	13.3	2640000	2-04173-0029	0.5	16.89	66-R1	D1-ELEVATOR	281860	16688	1632 HUTCH RIVER PARKWAY	SCHUYLERVILLE/PELHAM BAY	63	0.05	R4-ELEVATOR	678058	44	63	57	2110000	1928	21	706061	2-04153-0008	41800	1600 PARKVIEW AVENUE	41.4	2002
1401 JESUP AVENUE	MELROSE/CONCOURSE	2-04248-7501	25200	SCHUYLERVILLE/PELHAM BAY	D1-ELEVATOR	0	28.7	1190002	22.57	2850000	2-02872-0036	4.5	35.2	124-R1	D1-ELEVATOR	288047	10033	1305 MORRIS AVENUE	HIGHBRIDGE/MORRIS HEIGHTS	119	4.85	R4-ELEVATOR	568669	73	75	81	2360000	2006	11	1343977	2-02816-0066	38212	2013 COLONIAL AVENUE	94	2003
678 SAGAMORE STREET	MORRIS PARK/VAN NEST	2-04284-7501	82015	MORRIS PARK/VAN NEST	D1-ELEVATOR	2005	10.06	2590000	8.91	2100000	2-04253-0084	0.25	10.06	70-R1	D1-ELEVATOR	1087486	108100	1975 BIRCHALL AVENUE	MORRIS PARK/VAN NEST	23.96	0.25	R9-CONDOPS	731129	90	23.89	90	1550000	2002	100	884049	2-04253-0080	87902	2040 WHITE PLAINS ROAD	18.9	2002
2126 MULINER AVENUE	PELHAM PARKWAY SOUTH	2-04307-7501	28979	PELHAM PARKWAY SOUTH	C9-WALK-UP	1964	14.5	2750000	14.5	1250000	2-04324-0001	0.45	12.39	27-R1	C9-WALK-UP	812000	56000	2179 MATTHEWS AVENUE	PELHAM PARKWAY SOUTH	49.1	0.35	R4-ELEVATOR	420146	48	34.8	38	1420000	1950	48	445576	2-04322-0043	35960	1144 LYDIG AVENUE	49	1948
831 BARTHOLDI STREET	BRONXDALE	2-04340-7501	127629	BRONXDALE	D1-ELEVATOR	1960	11.99	3919962	13.93	2340000	2-04633-0001	0.7	13.49	14-R1	D1-ELEVATOR	1393238	116200	600 BURKE AVENUE	BRONXDALE	33.7	1.05	R4-ELEVATOR	1777643	57	42	122	4610000	1973	122	751577	2-04543-0021	55722	610 WARING AVENUE	36.1	1968
2265 OLINVILLE AVENUE	BRONXDALE	2-04340-7502	31320	BRONXDALE	D1-ELEVATOR	1960	11.99	4289996	7.77	1060000	2-04341-0075	0	11.99	17-R1	D1-ELEVATOR	1526207	127290	2255 BARKER AVENUE	BRONXDALE	33.7	0.05	R4-ELEVATOR	243478	42	33.8	40	516000	1962	122	375680	2-04340-0086	31320	2385 BARKER AVENUE	16.48	1964
""	BRONXDALE	2-04545-7501		BRONXDALE		2007	13.59	3620000		4610000		0.4	13.93	91-R1	D1-ELEVATOR	1163059	85582	831 BARTHOLDI STREET		42.3		R9-CONDOPS		122	36.1				74	1777643	2-04633-0001	127629	3035 WHITE PLAINS ROAD		1973
800 EAST 223 STREET	WESTCHESTER	2-04664-7501	18850	WILLIAMSBRIDGE	C1-WALK-UP	2006	14.07	842002	15.39	543000	2-04847-0039	3.1	10.11	75-R1	C1-WALK-UP	270495	19225	1405 ROWLAND STREET	WILLIAMSBRIDGE	43.8	0.35	R2-WALK-UP	290110	27	24.07	23	815000	1927	24	228125	2-03973-0036	22560	720 EAST 217 STREET	43.2	1927
4360 FURMAN AVENUE	MORRISANIA/LONGWOOD	2-04668-7501	26280	WILLIAMSBRIDGE	C1-WALK-UP	2005	13.53	1239998	11.37	921000	2-05047-0006	4.8	13.96	76-R1	D5-ELEVATOR	396699	29320	900 FOX STREET	WAKEFIELD	42.3	1	R2-WALK-UP	298871	30	29.6	27	775000	1931	24	434321	2-02722-0048	31110	724 EAST 221 STREET	29.5	1922
2273 TIEBOUT AVENUE	BELMONT	2-05529-7501	10032	THROGS NECK	C1-WALK-UP	2000	14.2	558000	13.28	851000	2-03145-0028	5.3	16.83	83-R1	C1-WALK-UP	179260	12624	2463 HUGHES AVENUE	FORDHAM	44.2	5.8	R2-WALK-UP	133273	16	63	16	283000	1925	15	227559	2-03077-0050	13520	24 PENNYFIELD AVENUE	28.2	2004
6225 BROADWAY	THROGS NECK	2-05529-7502	78825	THROGS NECK	C9-WALK-UP	1998	13	2580005	13.08	3030000	2-05825-1554	1.2	17.32	82-R1	C9-WALK-UP	828594	63738	2631 SCHURZ AVENUE	FIELDSTON	40.5	7.6	R2-WALK-UP	1030952	79	65	96	3210000	1950	45	811185	2-05606-0001	46832	1 PENNYFIELD AVENUE	40.7	1978
6225 BROADWAY	THROGS NECK	2-05604-7501	78825	THROGS NECK	C9-WALK-UP	1984	15	3220003	13.08	3030000	2-05825-1554	0.2	17.32	16-R1	C9-WALK-UP	951240	63416	2631 SCHURZ AVENUE	FIELDSTON	51	7	R4-ELEVATOR	1030952	79	65	96	3210000	1950	52	811185	2-05606-0001	46832	2718 SCHURZ AVENUE	40.7	1978
2327 WALTON AVENUE	RIVERDALE	2-05606-7502	16200	THROGS NECK	C1-WALK-UP	1997	17.35	1309999	13.46	435000	2-03187-0045	6.7	18.57	56-R1	C1-WALK-UP	331038	19080	3205 OXFORD AVENUE	FORDHAM	69	5.2	R2-WALK-UP	218062	12	69	17	679000	1926	20	116238	2-05786-0240	6260	195 BALCOM AVENUE	41.9	1985
5431 SYLVAN AVENUE	SCHUYLERVILLE/PELHAM BAY	2-05643-7501	18756	CITY ISLAND	C1-WALK-UP	1897	13	671998	15.84	672000	2-05844-1935	2.85	13.08	60-R1	C9-WALK-UP	215865	16605	3080 EAST TREMONT AVENUE	RIVERDALE	40.5	7.1	R2-WALK-UP	297022	27	40.7	24	1000000	1972	16	215923	2-05371-0060	16507	190 FORDHAM STREET	53	1962
3611 HENRY HUDSON PARKWAY	RIVERDALE	2-05723-7501	134000	RIVERDALE	D3-ELEVATOR	1983	13.15	4080005	14.64	3780000	2-05903-0283	0.8	12.59	84-R1	D3-ELEVATOR	1309608	99590	3660 OXFORD AVENUE	RIVERDALE	41	0.7	R4-ELEVATOR	1961368	77	35.3	123	6630000	1951	73	1346616	2-05796-0129	106934	2287 JOHNSON AVENUE	49.5	1967
3900 HENRY HUDSON PARKWAY	RIVERDALE	2-05725-7501	37962	RIVERDALE	D1-ELEVATOR	1941	14	1530000	10.89	1750000	2-05781-1100	0.3	16.68	11-R1	D1-ELEVATOR	490000	35000	2475 PALISADE AVENUE	RIVERDALE	43.7	0.8	R4-ELEVATOR	413477	25	56	37	1070000	1928	24	518602	2-05716-0287	31098	2600 HENRY HUDSON PARKWAY	28.2	1932
6425 BROADWAY	KINGSBRIDGE HTS/UNIV HTS	2-05745-7501	48100	RIVERDALE	D3-ELEVATOR	1986	13.75	2669999	17.59	1050000	2-05851-2105	1.85	13.68	28-R1	C1-WALK-UP	857312	62350	2326 GRAND AVENUE	RIVERDALE	42.8	1.95	R4-ELEVATOR	846245	36	42.7	55	3160000	1974	36	336561	2-03198-0021	24610	2521 PALISADE AVENUE	66	1922
530 WEST 236 STREET	RIVERDALE	2-05771-7501	103392	RIVERDALE	D7-ELEVATOR	1962	13.5	5550000	14.99	6450000	2-05792-0430	0.5	13.59	41-R1	D1-ELEVATOR	1782000	132000	3801 HUDSON MANOR TERRACE	RIVERDALE	42	0.1	R9-CONDOPS	1549644	135	42.3	86	5240000	1954	106	2071191	2-05920-0670	152400	3636 FIELDSTON ROAD	51	1960
906 EAST 178 STREET	BELMONT	2-05777-7501	36596	KINGSBRIDGE/JEROME PARK	D1-ELEVATOR	2004	15.55	2890008	19.6	931000	2-03121-0038	2.45	14.35	79-R1	C7-WALK-UP	855572	55005	651 CRESCENT AVENUE	EAST TREMONT	53	3.25	R4-ELEVATOR	717348	27	48.5	35	1520000	2008	25	275313	2-03074-0037	19185	3816 WALDO AVENUE	41.5	1913
222 WEST 233 STREET	KINGSBRIDGE/JEROME PARK	2-05780-7501	66270	RIVERDALE	D1-ELEVATOR	1928	12	3210002	11.49	3110000	2-05754-0072	0.3	14.03	40-R1	D1-ELEVATOR	1140732	95061	275 WEST 238 STREET	KINGSBRIDGE/JEROME PARK	33.8	0.55	R4-ELEVATOR	761476	72	43.7	72	2140000	1928	78	997401	2-05773-0290	71091	3900 GREYSTONE AVENUE	32.3	1937
3615 OXFORD AVENUE	EAST TREMONT	2-05787-7501	7550	RIVERDALE	C1-WALK-UP	1988	18.75	708999	20.73	339000	2-05798-0101	2.95	11.5	30-R1	C1-WALK-UP	189525	10108	2155 MOHEGAN AVENUE	RIVERDALE	70	0.2	R4-ELEVATOR	156480	15	32.3	15	585000	1980	15	120750	2-03119-0066	10500	3240 NETHERLAND AVENUE	77	1912
630 WEST 246 STREET	RIVERDALE	2-05788-7501	443283	RIVERDALE	D3-ELEVATOR	2004	25.8	12000004	21.63	58300000	2-05909-0825	0.5	18.46	106-R1	D7-ELEVATOR	2711475	105300	2600 NETHERLAND AVENUE	RIVERDALE	114	0.45	R4-ELEVATOR	9589106	608	69	403	39700000	1958	26	15587450	2-05722-0475	844578	3220 ARLINGTON AVENUE	90	1975
549 COMMONWEALTH AVENUE	EAST TREMONT	2-05789-7501	49458	RIVERDALE	D7-ELEVATOR	1989	14.5	1509999	14.68	2320000	2-03519-0034	3.15	18.14	32-R1	D7-ELEVATOR	445773	30743	882 EAST 180 STREET	SOUNDVIEW	49.1	5.4	R4-ELEVATOR	726159	30	68	59	2650000	1932	32	620288	2-03123-0056	34200	3220 FAIRFIELD AVENUE	54	1916
500 KAPPOCK STREET	EAST TREMONT	2-05791-7501	59142	RIVERDALE	D1-ELEVATOR	2005	21	4599992	20.37	1520000	2-05723-0100	3.2	19.6	95-R1	D1-ELEVATOR	1111278	52918	906 EAST 178 STREET	RIVERDALE	87	0.75	R4-ELEVATOR	1204598	35	41.5	82	4500000	1950	31	717348	2-03121-0038	36596	3536 CAMBRIDGE AVENUE	76	2008
3615 OXFORD AVENUE	EAST TREMONT	2-05798-7501	7550	RIVERDALE	C1-WALK-UP	2002	19	1059997	20.73	1520000	2-05798-0101	3.35	19.6	62-R1	D1-ELEVATOR	284411	14969	906 EAST 178 STREET	RIVERDALE	71	0	R4-ELEVATOR	156480	35	41.5	15	585000	1980	15	717348	2-03121-0038	36596	3614 JOHNSON AVENUE	77	2008
3725 BLACKSTONE AVENUE	RIVERDALE	2-05798-7502	41803	RIVERDALE	D1-ELEVATOR	2005	15.25	2090002	15.81	1000000	2-05907-0348	1.15	15.84	67-R1	C1-WALK-UP	617137	40468	5431 SYLVAN AVENUE	RIVERDALE	52	0.2	R4-ELEVATOR	660893	24	53	42	2230000	1968	23	297022	2-05844-1935	18756	3625 OXFORD AVENUE	53	1972
6555 BROADWAY	FIELDSTON	2-05857-7501	62570	RIVERDALE	D1-ELEVATOR	1962	13.5	2989996	13.43	3760000	2-05864-0516	0.8	14.84	19-R1	D1-ELEVATOR	960471	71146	210 WEST 251 STREET	RIVERDALE	42	0.1	R4-ELEVATOR	840222	70	50	73	2620000	1961	68	1113242	2-05814-1155	75000	5775 MOSHOLU AVENUE	41.9	1960
6425 BROADWAY	RIVERDALE	2-05903-7501	48100	RIVERDALE	D3-ELEVATOR	2006	25.7	17499999	17.59	4500000	2-05851-2105	0.7	20.37	92-R1	D1-ELEVATOR	4220090	163887	500 KAPPOCK STREET	RIVERDALE	107	1.4	R4-ELEVATOR	846245	82	76	55	3160000	1974	65	1204598	2-05723-0100	59142	640 WEST 237 STREET	66	1950
2463 HUGHES AVENUE	RIVERDALE	2-05904-7501	13520	RIVERDALE	C1-WALK-UP	2004	15.95	1090000	16.83	1750000	2-03077-0050	0.9	16.68	63-R1	D1-ELEVATOR	323466	20280	2475 PALISADE AVENUE	BELMONT	54	2.55	R4-ELEVATOR	227559	25	56	16	851000	2004	12	518602	2-05716-0287	31098	3800 BLACKSTONE AVENUE	63	1932
630 WEST 246 STREET	RIVERDALE	2-05923-7501	443283	RIVERDALE	D3-ELEVATOR	1955	18	19699995	21.63	9600000	2-05909-0825	0.3	13.01	6-R1	D1-ELEVATOR	5262660	292370	3950 BLACKSTONE AVENUE	RIVERDALE	67	0.3	R4-ELEVATOR	9589106	176	40.5	403	39700000	1958	177	3082644	2-05909-0163	237000	4455 DOUGLAS AVENUE	90	1959
1564 MAYFLOWER AVENUE	SCHUYLERVILLE/PELHAM BAY	2-05944-7501	10100	RIVERDALE	C1-WALK-UP	1940	14	695002	12.36	443000	2-05388-0009	5.9	18.21	38-R1	C1-WALK-UP	223076	15934	1235 BRADFORD AVENUE	SCHUYLERVILLE/PELHAM BAY	43.6	5.5	R2-WALK-UP	124878	13	68	13	351000	1931	12	118527	2-05333-0106	6510	4961 HENRY HUDSON PARKWAY	34.8	1929
